name,role,company,industry,location,linkedin_bio
Ava Patel,Head of Growth,FlowMetrics,SaaS,San Francisco,Growth leader with 10 years experience in B2B SaaS. Expert in scaling mid-market sales teams.
John Smith,CEO,TechVision,Software,New York,Serial entrepreneur. Founded 3 successful SaaS companies. Focused on sales automation and efficiency.
Sarah Lee,Marketing Manager,RetailCo,Retail,Austin,Marketing professional with focus on customer acquisition. 5 years in retail sector.
Michael Chen,VP of Sales,CloudScale,Technology,Seattle,Sales executive driving revenue growth. Previous experience at Enterprise SaaS companies.
Emily Johnson,Senior Developer,DevTools Inc,Tech,Boston,Full-stack developer passionate about developer tools and automation. Open source contributor.
David Rodriguez,Founder,StartupLab,B2B SaaS,Miami,Building next-gen sales tools for mid-market. Previously scaled sales at 2 unicorns.
Lisa Wang,Director of Operations,FinanceHub,Fintech,Chicago,Operations leader optimizing processes. Background in financial services and technology.
Robert Brown,Manager,HealthCare Plus,Healthcare,Denver,Healthcare operations manager. Looking to improve patient outreach and engagement.
Jennifer Taylor,Lead,EcomSolutions,Ecommerce,Portland,Lead Product Manager for ecommerce platform. Focus on conversion optimization.
Tom Anderson,CTO,DataCorp,Data,Toronto,Technical leader building data infrastructure. Interested in AI and automation solutions.